name,qty
Brush,2
Paste,1
Pencil,3
Box,2
Bed,1
Table,1
Chair,4
Bike,1
Monitor,1
Shoes,1
Socks,2
Shirt,2
Pant,10
Book,4
Keyboard,1
Mouse,1
Laptop,1
Brush,2
Paste,1
Pencil,3
Box,2
Bed,1
Table,1
Chair,4
Bike,1
Monitor,1
Shoes,1
Socks,2
Shirt,2
Pant,10
Book,4
Keyboard,1
Mouse,1
Laptop,1
Brush,2
Paste,1
Pencil,3
Box,2
Bed,1
Table,1
Chair,4
Bike,1
Monitor,1
Shoes,1
Socks,2
Shirt,2
Pant,10
Book,4
Keyboard,1
Mouse,1
Laptop,1
Brush,2
Paste,1
Pencil,3
Box,2
Bed,1
Table,1
Chair,4
Bike,1
Monitor,1
Shoes,1
Socks,2
Shirt,2
Pant,10
Book,4
Keyboard,1
Mouse,1
Laptop,1
Brush,2
Paste,1
Pencil,3
Box,2
Bed,1
Table,1
Chair,4
Bike,1
Monitor,1
Shoes,1
Socks,2
Shirt,2
Pant,10
Book,4
Keyboard,1
Mouse,1
Laptop,1
Brush,2
Paste,1
Pencil,3
Box,2
Bed,1
Table,1
Chair,4
Bike,1
Monitor,1
Shoes,1
Socks,2
Shirt,2
Pant,10
Book,4
Keyboard,1
Mouse,1
Laptop,1
Brush,2
Paste,1
Pencil,3
Box,2
Bed,1
Table,1
Chair,4
Bike,1
Monitor,1
Shoes,1
Socks,2
Shirt,2
Pant,10
Book,4
Keyboard,1
Mouse,1
Laptop,1
Brush,2
Paste,1
Pencil,3
Box,2
Bed,1
Table,1
Chair,4
Bike,1
Monitor,1
Shoes,1
Socks,2
Shirt,2
Pant,10
Book,4
Keyboard,1
Mouse,1
Laptop,1
Brush,2
Paste,1
Pencil,3
Box,2
Bed,1
Table,1
Chair,4
Bike,1
Monitor,1
Shoes,1
Socks,2
Shirt,2
Pant,10
Book,4
Keyboard,1
Mouse,1
Laptop,1
Brush,2
Paste,1
Pencil,3
Box,2
Bed,1
Table,1
Chair,4
Bike,1
Monitor,1
Shoes,1
Socks,2
Shirt,2
Pant,10
Book,4
Keyboard,1
Mouse,1
Laptop,1
Brush,2
Paste,1
Pencil,3
Box,2
Bed,1
Table,1
Chair,4
Bike,1
Monitor,1
Shoes,1
Socks,2
Shirt,2
Pant,10
Book,4
Keyboard,1
Mouse,1
Laptop,1
Brush,2
Paste,1
Pencil,3
Box,2
Bed,1
Table,1
Chair,4
Bike,1
Monitor,1
Shoes,1
Socks,2
Shirt,2
Pant,10
Book,4
Keyboard,1
Mouse,1
Laptop,1
Brush,2
Paste,1
Pencil,3
Box,2
Bed,1
Table,1
Chair,4
Bike,1
Monitor,1
Shoes,1
Socks,2
Shirt,2
Pant,10
Book,4
Keyboard,1
Mouse,1
Laptop,1
Brush,2
Paste,1
Pencil,3
Box,2
Bed,1
Table,1
Chair,4
Bike,1
Monitor,1
Shoes,1
Socks,2
Shirt,2
Pant,10
Book,4
Keyboard,1
Mouse,1
Laptop,1
Brush,2
Paste,1
Pencil,3
Box,2
Bed,1
Table,1
Chair,4
Bike,1
Monitor,1
Shoes,1
Socks,2
Shirt,2
Pant,10
Book,4
Keyboard,1
Mouse,1
Laptop,1
Brush,2
Paste,1
Pencil,3
Box,2
Bed,1
Table,1
Chair,4
Bike,1
Monitor,1
Shoes,1
Socks,2
Shirt,2
Pant,10
Book,4
Keyboard,1
Mouse,1
Laptop,1
Brush,2
Paste,1
Pencil,3
Box,2
Bed,1
Table,1
Chair,4
Bike,1
Monitor,1
Shoes,1
Socks,2
Shirt,2
Pant,10
Book,4
Keyboard,1
Mouse,1
Laptop,1
Brush,2
Paste,1
Pencil,3
Box,2
Bed,1
Table,1
Chair,4
Bike,1
Monitor,1
Shoes,1
Socks,2
Shirt,2
Pant,10
Book,4
Keyboard,1
Mouse,1
Laptop,1
Brush,2
Paste,1
Pencil,3
Box,2
Bed,1
Table,1
Chair,4
Bike,1
Monitor,1
Shoes,1
Socks,2
Shirt,2
Pant,10
Book,4
Keyboard,1
Mouse,1
Laptop,1
Brush,2
Paste,1
Pencil,3
Box,2
Bed,1
Table,1
Chair,4
Bike,1
Monitor,1
Shoes,1
Socks,2
Shirt,2
Pant,10
Book,4
Keyboard,1
Mouse,1
Laptop,1
Brush,2
Paste,1
Pencil,3
Box,2
Bed,1
Table,1
Chair,4
Bike,1
Monitor,1
Shoes,1
Socks,2
Shirt,2
Pant,10
Book,4
Keyboard,1
Mouse,1
Laptop,1
Brush,2
Paste,1
Pencil,3
Box,2
Bed,1
Table,1
Chair,4
Bike,1
Monitor,1
Shoes,1
Socks,2
Shirt,2
Pant,10
Book,4
Keyboard,1
Mouse,1
Laptop,1
Brush,2
Paste,1
Pencil,3
Box,2
Bed,1
Table,1
Chair,4
Bike,1
Monitor,1
Shoes,1
Socks,2
Shirt,2
Pant,10
Book,4
Keyboard,1
Mouse,1
Laptop,1
Brush,2
Paste,1
Pencil,3
Box,2
Bed,1
Table,1
Chair,4
Bike,1
Monitor,1
Shoes,1
Socks,2
Shirt,2
Pant,10
Book,4
Keyboard,1
Mouse,1
Laptop,1
Brush,2
Paste,1
Pencil,3
Box,2
Bed,1
Table,1
Chair,4
Bike,1
Monitor,1
Shoes,1
Socks,2
Shirt,2
Pant,10
Book,4
Keyboard,1
Mouse,1
Laptop,1
Brush,2
Paste,1
Pencil,3
Box,2
Bed,1
Table,1
Chair,4
Bike,1
Monitor,1
Shoes,1
Socks,2
Shirt,2
Pant,10
Book,4
Keyboard,1
Mouse,1
Laptop,1
Brush,2
Paste,1
Pencil,3
Box,2
Bed,1
Table,1
Chair,4
Bike,1
Monitor,1
Shoes,1
Socks,2
Shirt,2
Pant,10
Book,4
Keyboard,1
Mouse,1
Laptop,1
Brush,2
Paste,1
Pencil,3
Box,2
Bed,1
Table,1
Chair,4
Bike,1
Monitor,1
Shoes,1
Socks,2
Shirt,2
Pant,10
Book,4
Keyboard,1
Mouse,1
Laptop,1
Brush,2
Paste,1
Pencil,3
Box,2
Bed,1
Table,1
Chair,4
Bike,1
Monitor,1
Shoes,1
Socks,2
Shirt,2
Pant,10
Book,4
Keyboard,1
Mouse,1
Laptop,1
Brush,2
Paste,1
Pencil,3
Box,2
Bed,1
Table,1
Chair,4
Bike,1
Monitor,1
Shoes,1
Socks,2
Shirt,2
Pant,10
Book,4
Keyboard,1
Mouse,1
Laptop,1
Brush,2
Paste,1
Pencil,3
Box,2
Bed,1
Table,1
Chair,4
Bike,1
Monitor,1
Shoes,1
Socks,2
Shirt,2
Pant,10
Book,4
Keyboard,1
Mouse,1
Laptop,1
Brush,2
Paste,1
Pencil,3
Box,2
Bed,1
Table,1
Chair,4
Bike,1
Monitor,1
Shoes,1
Socks,2
Shirt,2
Pant,10
Book,4
Keyboard,1
Mouse,1
Laptop,1
Brush,2
Paste,1
Pencil,3
Box,2
Bed,1
Table,1
Chair,4
Bike,1
Monitor,1
Shoes,1
Socks,2
Shirt,2
Pant,10
Book,4
Keyboard,1
Mouse,1
Laptop,1
Brush,2
Paste,1
Pencil,3
Box,2
Bed,1
Table,1
Chair,4
Bike,1
Monitor,1
Shoes,1
Socks,2
Shirt,2
Pant,10
Book,4
Keyboard,1
Mouse,1
Laptop,1
Brush,2
Paste,1
Pencil,3
Box,2
Bed,1
Table,1
Chair,4
Bike,1
Monitor,1
Shoes,1
Socks,2
Shirt,2
Pant,10
Book,4
Keyboard,1
Mouse,1
Laptop,1
Brush,2
Paste,1
Pencil,3
Box,2
Bed,1
Table,1
Chair,4
Bike,1
Monitor,1
Shoes,1
Socks,2
Shirt,2
Pant,10
Book,4
Keyboard,1
Mouse,1
Laptop,1
Brush,2
Paste,1
Pencil,3
Box,2
Bed,1
Table,1
Chair,4
Bike,1
Monitor,1
Shoes,1
Socks,2
Shirt,2
Pant,10
Book,4
Keyboard,1
Mouse,1
Laptop,1
Brush,2
Paste,1
Pencil,3
Box,2
Bed,1
Table,1
Chair,4
Bike,1
Monitor,1
Shoes,1
Socks,2
Shirt,2
Pant,10
Book,4
Keyboard,1
Mouse,1
Laptop,1
Brush,2
Paste,1
Pencil,3
Box,2
Bed,1
Table,1
Chair,4
Bike,1
Monitor,1
Shoes,1
Socks,2
Shirt,2
Pant,10
Book,4
Keyboard,1
Mouse,1
Laptop,1
Brush,2
Paste,1
Pencil,3
Box,2
Bed,1
Table,1
Chair,4
Bike,1
Monitor,1
Shoes,1
Socks,2
Shirt,2
Pant,10
Book,4
Keyboard,1
Mouse,1
Laptop,1
Brush,2
Paste,1
Pencil,3
Box,2
Bed,1
Table,1
Chair,4
Bike,1
Monitor,1
Shoes,1
Socks,2
Shirt,2
Pant,10
Book,4
Keyboard,1
Mouse,1
Laptop,1
Brush,2
Paste,1
Pencil,3
Box,2
Bed,1
Table,1
Chair,4
Bike,1
Monitor,1
Shoes,1
Socks,2
Shirt,2
Pant,10
Book,4
Keyboard,1
Mouse,1
Laptop,1
Brush,2
Paste,1
Pencil,3
Box,2
Bed,1
Table,1
Chair,4
Bike,1
Monitor,1
Shoes,1
Socks,2
Shirt,2
Pant,10
Book,4
Keyboard,1
Mouse,1
Laptop,1
Brush,2
Paste,1
Pencil,3
Box,2
Bed,1
Table,1
Chair,4
Bike,1
Monitor,1
Shoes,1
Socks,2
Shirt,2
Pant,10
Book,4
Keyboard,1
Mouse,1
Laptop,1
Brush,2
Paste,1
Pencil,3
Box,2
Bed,1
Table,1
Chair,4
Bike,1
Monitor,1
Shoes,1
Socks,2
Shirt,2
Pant,10
Book,4
Keyboard,1
Mouse,1
Laptop,1
Brush,2
Paste,1
Pencil,3
Box,2
Bed,1
Table,1
Chair,4
Bike,1
Monitor,1
Shoes,1
Socks,2
Shirt,2
Pant,10
Book,4
Keyboard,1
Mouse,1
Laptop,1
Brush,2
Paste,1
Pencil,3
Box,2
Bed,1
Table,1
Chair,4
Bike,1
Monitor,1
Shoes,1
Socks,2
Shirt,2
Pant,10
Book,4
Keyboard,1
Mouse,1
Laptop,1
Brush,2
Paste,1
Pencil,3
Box,2
Bed,1
Table,1
Chair,4
Bike,1
Monitor,1
Shoes,1
Socks,2
Shirt,2
Pant,10
Book,4
Keyboard,1
Mouse,1
Laptop,1
Brush,2
Paste,1
Pencil,3
Box,2
Bed,1
Table,1
Chair,4
Bike,1
Monitor,1
Shoes,1
Socks,2
Shirt,2
Pant,10
Book,4
Keyboard,1
Mouse,1
Laptop,1
Brush,2
Paste,1
Pencil,3
Box,2
Bed,1
Table,1
Chair,4
Bike,1
Monitor,1
Shoes,1
Socks,2
Shirt,2
Pant,10
Book,4
Keyboard,1
Mouse,1
Laptop,1
Brush,2
Paste,1
Pencil,3
Box,2
Bed,1
Table,1
Chair,4
Bike,1
Monitor,1
Shoes,1
Socks,2
Shirt,2
Pant,10
Book,4
Keyboard,1
Mouse,1
Laptop,1
Brush,2
Paste,1
Pencil,3
Box,2
Bed,1
Table,1
Chair,4
Bike,1
Monitor,1
Shoes,1
Socks,2
Shirt,2
Pant,10
Book,4
Keyboard,1
Mouse,1
Laptop,1
Brush,2
Paste,1
Pencil,3
Box,2
Bed,1
Table,1
Chair,4
Bike,1
Monitor,1
Shoes,1
Socks,2
Shirt,2
Pant,10
Book,4
Keyboard,1
Mouse,1
Laptop,1
Brush,2
Paste,1
Pencil,3
Box,2
Bed,1
Table,1
Chair,4
Bike,1
Monitor,1
Shoes,1
Socks,2
Shirt,2
Pant,10
Book,4
Keyboard,1
Mouse,1
Laptop,1
Brush,2
Paste,1
Pencil,3
Box,2
Bed,1
Table,1
Chair,4
Bike,1
Monitor,1
Shoes,1
Socks,2
Shirt,2
Pant,10
Book,4
Keyboard,1
Mouse,1
Laptop,1
Brush,2
Paste,1
Pencil,3
Box,2
Bed,1
Table,1
Chair,4
Bike,1
Monitor,1
Shoes,1
Socks,2
Shirt,2
Pant,10
Book,4
Keyboard,1
Mouse,1
Laptop,1
Brush,2
Paste,1
Pencil,3
Box,2
Bed,1
Table,1
Chair,4
Bike,1
Monitor,1
Shoes,1
Socks,2
Shirt,2
Pant,10
Book,4
Keyboard,1
Mouse,1
Laptop,1
Brush,2
Paste,1
Pencil,3
Box,2
Bed,1
Table,1
Chair,4
Bike,1
Monitor,1
Shoes,1
Socks,2
Shirt,2
Pant,10
Book,4
Keyboard,1
Mouse,1
Laptop,1
Brush,2
Paste,1
Pencil,3
Box,2
Bed,1
Table,1
Chair,4
Bike,1
Monitor,1
Shoes,1
Socks,2
Shirt,2
Pant,10
Book,4
Keyboard,1
Mouse,1
Laptop,1

